"ID","gender","win year","category","day born","month","year born","zod_year","zod_month","zod all"
"198","male","1938","chemistry","3","12","1900","rat","sagittarius","rat sagittarius"
"211","male","1950","chemistry","10","7","1902","tiger","cancer","tiger cancer"
"208","male","1948","chemistry","10","8","1902","tiger","leo","tiger leo"
"269","male","1987","chemistry","3","10","1904","dragon","libra","dragon libra"
"239","male","1970","chemistry","6","9","1906","horse","virgo","horse virgo"
"221","male","1957","chemistry","2","10","1907","goat","libra","goat libra"
"214","male","1952","chemistry","1","3","1910","dog","pisces","dog pisces"
"230","female","1964","chemistry","12","5","1910","dog","taurus","dog taurus"
"225","male","1961","chemistry","8","4","1911","pig","aries","pig aries"
"242","male","1972","chemistry","4","9","1913","ox","virgo","ox virgo"
"741","male","2001","chemistry","1","6","1917","snake","gemini","snake gemini"
"247","male","1975","chemistry","7","9","1917","snake","virgo","snake virgo"
"231","male","1965","chemistry","10","4","1917","snake","aries","snake aries"
"257","male","1981","chemistry","4","10","1918","horse","libra","horse libra"
"237","male","1969","chemistry","8","9","1918","horse","virgo","horse virgo"
"289","male","1997","chemistry","8","10","1918","horse","libra","horse libra"
"244","male","1973","chemistry","10","11","1918","horse","scorpio","horse scorpio"
"249","male","1976","chemistry","9","12","1919","goat","sagittarius","goat sagittarius"
"235","male","1967","chemistry","6","12","1920","monkey","sagittarius","monkey sagittarius"
"290","male","1998","chemistry","9","3","1923","pig","pisces","pig pisces"
"259","male","1982","chemistry","11","8","1926","tiger","leo","tiger leo"
"233","male","1967","chemistry","9","5","1927","rabbit","taurus","rabbit taurus"
"275","male","1990","chemistry","12","7","1928","dragon","cancer","dragon cancer"
"794","male","2005","chemistry","10","10","1930","horse","libra","horse libra"
"853","male","2010","chemistry","12","9","1930","horse","virgo","horse virgo"
"281","male","1995","chemistry","3","12","1933","rooster","sagittarius","rooster sagittarius"
"816","male","2007","chemistry","10","10","1936","rat","libra","rat libra"
"742","male","2001","chemistry","3","9","1938","tiger","virgo","tiger virgo"
"758","male","2002","chemistry","4","10","1938","tiger","libra","tiger libra"
"273","male","1989","chemistry","7","5","1939","rabbit","taurus","rabbit taurus"
"285","male","1996","chemistry","7","10","1939","rabbit","libra","rabbit libra"
"942","male","2017","chemistry","12","9","1940","dragon","virgo","dragon virgo"
"288","male","1997","chemistry","7","1","1941","snake","capricorn","snake capricorn"
"951","male","2018","chemistry","10","3","1941","snake","pisces","snake pisces"
"941","male","2017","chemistry","8","6","1942","horse","gemini","horse gemini"
"286","male","1996","chemistry","6","6","1943","goat","gemini","goat gemini"
"796","male","2005","chemistry","4","1","1945","rooster","capricorn","rooster capricorn"
"923","male","2015","chemistry","8","9","1946","dog","virgo","dog virgo"
"779","male","2004","chemistry","1","10","1947","pig","libra","pig libra"
"274","male","1989","chemistry","8","12","1947","pig","sagittarius","pig sagittarius"
"890","male","2013","chemistry","9","5","1947","pig","taurus","pig taurus"
"831","male","2008","chemistry","1","2","1952","dragon","aquarious","dragon aquarious"
"757","male","2002","chemistry","3","8","1959","pig","leo","pig leo"
"977","female","2020","chemistry","11","12","1968","monkey","sagittarius","monkey sagittarius"
"203","male","1945","chemistry","15","1","1895","goat","capricorn","goat capricorn"
"210","male","1950","chemistry","23","1","1876","rat","aquarious","rat aquarious"
"175","male","1914","chemistry","31","1","1868","dragon","aquarious","dragon aquarious"
"191","male","1932","chemistry","31","1","1881","snake","aquarious","snake aquarious"
"187","male","1929","chemistry","15","2","1873","rooster","aquarious","rooster aquarious"
"162","male","1903","chemistry","19","2","1859","goat","pisces","goat pisces"
"202","male","1944","chemistry","8","3","1879","rabbit","pisces","rabbit pisces"
"196","male","1937","chemistry","19","3","1883","goat","pisces","goat pisces"
"216","male","1953","chemistry","23","3","1881","snake","aries","snake aries"
"216","male","1953","chemistry","23","3","1881","snake","aries","snake aries"
"195","male","1936","chemistry","24","3","1884","monkey","aries","monkey aries"
"195","male","1936","chemistry","24","3","1884","monkey","aries","monkey aries"
"169","male","1910","chemistry","27","3","1847","goat","aries","goat aries"
"182","male","1925","chemistry","1","4","1865","ox","aries","ox aries"
"220","male","1956","chemistry","3","4","1896","monkey","aries","monkey aries"
"197","male","1937","chemistry","21","4","1889","ox","taurus","ox taurus"
"192","male","1934","chemistry","29","4","1893","snake","taurus","snake taurus"
"172","male","1912","chemistry","6","5","1871","goat","taurus","goat taurus"
"209","male","1949","chemistry","12","5","1895","goat","taurus","goat taurus"
"238","male","1969","chemistry","17","5","1897","rooster","taurus","rooster taurus"
"219","male","1956","chemistry","19","5","1897","rooster","taurus","rooster taurus"
"166","male","1907","chemistry","20","5","1860","monkey","taurus","monkey taurus"
"184","male","1927","chemistry","4","6","1877","ox","gemini","ox gemini"
"232","male","1966","chemistry","7","6","1896","monkey","gemini","monkey gemini"
"253","male","1979","chemistry","16","6","1897","rooster","gemini","rooster gemini"
"178","male","1920","chemistry","25","6","1864","rat","cancer","rat cancer"
"205","male","1946","chemistry","5","7","1891","rabbit","cancer","rabbit cancer"
"188","male","1930","chemistry","27","7","1881","snake","leo","snake leo"
"201","male","1943","chemistry","1","8","1885","rooster","leo","rooster leo"
"176","male","1915","chemistry","13","8","1872","monkey","leo","monkey leo"
"189","male","1931","chemistry","27","8","1874","dog","virgo","dog virgo"
"160","male","1901","chemistry","30","8","1852","rat","virgo","rat virgo"
"167","male","1908","chemistry","30","8","1871","goat","virgo","goat virgo"
"183","male","1926","chemistry","30","8","1884","monkey","virgo","monkey virgo"
"180","male","1922","chemistry","1","9","1877","ox","virgo","ox virgo"
"168","male","1909","chemistry","2","9","1853","ox","virgo","ox virgo"
"179","male","1921","chemistry","2","9","1877","ox","virgo","ox virgo"
"181","male","1923","chemistry","3","9","1869","snake","virgo","snake virgo"
"194","female","1935","chemistry","12","9","1897","rooster","virgo","rooster virgo"
"207","male","1947","chemistry","13","9","1886","dog","virgo","dog virgo"
"200","male","1939","chemistry","13","9","1887","pig","virgo","pig virgo"
"165","male","1906","chemistry","28","9","1852","rat","libra","rat libra"
"909","male","2014","chemistry","13","1","1960","rat","capricorn","rat capricorn"
"830","male","2008","chemistry","15","1","1947","pig","capricorn","pig capricorn"
"729","male","2000","chemistry","22","1","1936","rat","aquarious","rat aquarious"
"266","male","1986","chemistry","23","1","1929","snake","aquarious","snake aquarious"
"867","male","2011","chemistry","24","1","1941","snake","aquarious","snake aquarious"
"250","male","1977","chemistry","25","1","1917","snake","aquarious","snake aquarious"
"921","male","2015","chemistry","28","1","1938","tiger","aquarious","tiger aquarious"
"965","male","2019","chemistry","30","1","1948","rat","aquarious","rat aquarious"
"769","male","2003","chemistry","30","1","1949","ox","aquarious","ox aquarious"
"163","male","1904","chemistry","2","10","1852","rat","libra","rat libra"
"161","male","1902","chemistry","9","10","1852","rat","libra","rat libra"
"190","male","1931","chemistry","11","10","1884","monkey","libra","monkey libra"
"186","male","1929","chemistry","12","10","1865","ox","libra","ox libra"
"931","male","2016","chemistry","21","10","1944","monkey","libra","monkey libra"
"215","male","1952","chemistry","28","10","1914","tiger","scorpio","tiger scorpio"
"164","male","1905","chemistry","31","10","1835","goat","scorpio","goat scorpio"
"291","male","1998","chemistry","31","10","1925","ox","scorpio","ox scorpio"
"173","male","1912","chemistry","5","11","1854","tiger","scorpio","tiger scorpio"
"6","female","1911","chemistry","7","11","1867","rabbit","scorpio","rabbit scorpio"
"234","male","1967","chemistry","9","11","1897","rooster","scorpio","rooster scorpio"
"204","male","1946","chemistry","19","11","1887","pig","scorpio","pig scorpio"
"265","male","1986","chemistry","19","11","1936","rat","scorpio","rat scorpio"
"891","male","2013","chemistry","20","11","1940","dragon","scorpio","dragon scorpio"
"228","male","1963","chemistry","26","11","1898","dog","sagittarius","dog sagittarius"
"236","male","1968","chemistry","27","11","1903","rabbit","sagittarius","rabbit sagittarius"
"260","male","1983","chemistry","30","11","1915","rabbit","sagittarius","rabbit sagittarius"
"177","male","1918","chemistry","9","12","1868","dragon","sagittarius","dragon sagittarius"
"174","male","1913","chemistry","12","12","1866","tiger","sagittarius","tiger sagittarius"
"224","male","1960","chemistry","17","12","1908","monkey","sagittarius","monkey sagittarius"
"223","male","1959","chemistry","20","12","1890","tiger","sagittarius","tiger sagittarius"
"964","male","2019","chemistry","22","12","1941","snake","capricorn","snake capricorn"
"910","male","2014","chemistry","23","12","1962","tiger","capricorn","tiger capricorn"
"185","male","1928","chemistry","25","12","1876","rat","capricorn","rat capricorn"
"240","male","1971","chemistry","25","12","1904","dragon","capricorn","dragon capricorn"
"278","male","1993","chemistry","28","12","1944","monkey","capricorn","monkey capricorn"
"780","male","2004","chemistry","31","12","1937","ox","capricorn","ox capricorn"
"262","male","1985","chemistry","14","2","1917","snake","aquarious","snake aquarious"
"770","male","2003","chemistry","19","2","1956","monkey","pisces","monkey pisces"
"978","female","2020","chemistry","19","2","1964","dragon","pisces","dragon pisces"
"271","male","1988","chemistry","20","2","1937","ox","pisces","ox pisces"
"229","male","1963","chemistry","26","2","1903","rabbit","pisces","rabbit pisces"
"292","male","1999","chemistry","26","2","1946","dog","pisces","dog pisces"
"795","male","2005","chemistry","27","2","1942","horse","pisces","horse pisces"
"217","male","1954","chemistry","28","2","1901","ox","pisces","ox pisces"
"889","male","2013","chemistry","15","3","1930","horse","pisces","horse pisces"
"193","male","1935","chemistry","19","3","1900","rat","pisces","rat pisces"
"282","male","1995","chemistry","19","3","1943","goat","pisces","goat pisces"
"255","male","1980","chemistry","21","3","1932","monkey","aries","monkey aries"
"199","male","1939","chemistry","24","3","1903","rabbit","aries","rabbit aries"
"227","male","1962","chemistry","24","3","1917","snake","aries","snake aries"
"241","male","1972","chemistry","26","3","1916","dragon","aries","dragon aries"
"730","male","2000","chemistry","14","4","1927","rabbit","aries","rabbit aries"
"952","male","2018","chemistry","14","4","1951","rabbit","aries","rabbit aries"
"878","male","2012","chemistry","15","4","1943","goat","aries","goat aries"
"213","male","1951","chemistry","19","4","1912","rat","aries","rat aries"
"267","male","1987","chemistry","22","4","1919","goat","taurus","goat taurus"
"806","male","2006","chemistry","24","4","1947","pig","taurus","pig taurus"
"279","male","1993","chemistry","26","4","1932","monkey","taurus","monkey taurus"
"743","male","2001","chemistry","28","4","1941","snake","taurus","snake taurus"
"218","male","1955","chemistry","18","5","1901","ox","taurus","ox taurus"
"933","male","2016","chemistry","18","5","1951","rabbit","taurus","rabbit taurus"
"226","male","1962","chemistry","19","5","1914","tiger","taurus","tiger taurus"
"252","male","1979","chemistry","22","5","1912","rat","gemini","rat gemini"
"280","male","1994","chemistry","22","5","1927","rabbit","gemini","rabbit gemini"
"932","male","2016","chemistry","24","5","1942","horse","gemini","horse gemini"
"879","male","2012","chemistry","30","5","1955","goat","gemini","goat gemini"
"922","male","2015","chemistry","13","6","1946","dog","gemini","dog gemini"
"756","male","2002","chemistry","15","6","1917","snake","gemini","snake gemini"
"263","male","1985","chemistry","18","6","1918","horse","gemini","horse gemini"
"264","male","1986","chemistry","18","6","1932","monkey","gemini","monkey gemini"
"246","male","1974","chemistry","19","6","1910","dog","gemini","dog gemini"
"843","female","2009","chemistry","22","6","1939","rabbit","cancer","rabbit cancer"
"911","male","2014","chemistry","24","6","1953","snake","cancer","snake cancer"
"243","male","1972","chemistry","25","6","1911","pig","cancer","pig cancer"
"283","male","1995","chemistry","28","6","1927","rabbit","cancer","rabbit cancer"
"254","male","1980","chemistry","30","6","1926","tiger","cancer","tiger cancer"
"245","male","1973","chemistry","14","7","1921","rooster","cancer","rooster cancer"
"852","male","2010","chemistry","14","7","1935","pig","cancer","pig cancer"
"261","male","1984","chemistry","15","7","1921","rooster","cancer","rooster cancer"
"781","male","2004","chemistry","16","7","1926","tiger","cancer","tiger cancer"
"258","male","1981","chemistry","18","7","1937","ox","cancer","ox cancer"
"272","male","1988","chemistry","18","7","1948","rat","cancer","rat cancer"
"943","male","2017","chemistry","19","7","1945","rooster","cancer","rooster cancer"
"277","male","1992","chemistry","21","7","1923","pig","cancer","pig cancer"
"248","male","1975","chemistry","23","7","1906","horse","leo","horse leo"
"963","male","2019","chemistry","25","7","1922","dog","leo","dog leo"
"950","female","2018","chemistry","25","7","1956","monkey","leo","monkey leo"
"287","male","1997","chemistry","31","7","1918","horse","leo","horse leo"
"222","male","1958","chemistry","13","8","1918","horse","leo","horse leo"
"222","male","1980","chemistry","13","8","1918","horse","leo","horse leo"
"276","male","1991","chemistry","14","8","1933","rooster","leo","rooster leo"
"851","male","2010","chemistry","15","8","1931","goat","leo","goat leo"
"206","male","1946","chemistry","16","8","1904","dragon","leo","dragon leo"
"731","male","2000","chemistry","20","8","1936","rat","leo","rat leo"
"284","male","1996","chemistry","23","8","1933","rooster","virgo","rooster virgo"
"842","male","2009","chemistry","23","8","1940","dragon","virgo","dragon virgo"
"829","male","2008","chemistry","27","8","1928","dragon","virgo","dragon virgo"
"212","male","1951","chemistry","18","9","1907","goat","virgo","goat virgo"
"251","male","1978","chemistry","29","9","1920","monkey","libra","monkey libra"
"268","male","1987","chemistry","30","9","1939","rabbit","libra","rabbit libra"
"270","male","1988","chemistry","30","9","1943","goat","libra","goat libra"
"678","male","1969","economics","12","4","1903","rabbit","aries","rabbit aries"
"681","male","1972","economics","8","4","1904","dragon","aries","dragon aries"
"683","male","1973","economics","5","8","1906","horse","leo","horse leo"
"695","male","1981","economics","5","3","1918","horse","pisces","horse pisces"
"700","male","1986","economics","3","10","1919","goat","libra","goat libra"
"710","male","1993","economics","5","11","1920","monkey","scorpio","monkey scorpio"
"697","male","1983","economics","4","7","1921","rooster","cancer","rooster cancer"
"883","male","2012","economics","2","6","1923","pig","gemini","pig gemini"
"760","male","2002","economics","1","1","1927","rabbit","capricorn","rabbit capricorn"
"709","male","1993","economics","1","7","1927","rabbit","cancer","rabbit cancer"
"708","male","1992","economics","2","12","1930","horse","sagittarius","horse sagittarius"
"713","male","1994","economics","5","10","1930","horse","libra","horse libra"
"799","male","2005","economics","8","6","1930","horse","gemini","horse gemini"
"719","male","1998","economics","3","11","1933","rooster","scorpio","rooster scorpio"
"846","female","2009","economics","7","8","1933","rooster","leo","rooster leo"
"772","male","2003","economics","4","9","1934","dog","virgo","dog virgo"
"759","male","2002","economics","5","3","1934","dog","pisces","dog pisces"
"715","male","1996","economics","5","7","1936","rat","cancer","rat cancer"
"857","male","2010","economics","2","2","1939","rabbit","aquarious","rabbit aquarious"
"718","male","1997","economics","1","7","1941","snake","cancer","snake cancer"
"771","male","2003","economics","10","11","1942","horse","scorpio","horse scorpio"
"786","male","2004","economics","1","12","1943","goat","sagittarius","goat sagittarius"
"746","male","2001","economics","9","2","1943","goat","aquarious","goat aquarious"
"935","male","2017","economics","12","9","1945","rooster","virgo","rooster virgo"
"821","male","2007","economics","12","12","1950","tiger","sagittarius","tiger sagittarius"
"915","male","2014","economics","9","8","1953","snake","leo","snake leo"
"959","male","2018","economics","6","11","1955","goat","scorpio","goat scorpio"
"973","male","2019","economics","12","11","1964","dragon","scorpio","dragon scorpio"
"677","male","1969","economics","3","3","1895","goat","pisces","goat pisces"
"689","male","1977","economics","23","4","1899","pig","taurus","pig taurus"
"685","male","1974","economics","8","5","1899","pig","taurus","pig taurus"
"696","male","1982","economics","17","1","1911","pig","capricorn","pig capricorn"
"686","male","1975","economics","19","1","1912","rat","capricorn","rat capricorn"
"693","male","1979","economics","23","1","1915","rabbit","aquarious","rabbit aquarious"
"926","male","2015","economics","19","10","1945","rooster","libra","rooster libra"
"873","male","2011","economics","21","10","1942","horse","libra","horse libra"
"720","male","1999","economics","24","10","1932","monkey","scorpio","monkey scorpio"
"972","female","2019","economics","25","10","1972","rat","scorpio","rat scorpio"
"895","male","2013","economics","26","10","1952","dragon","scorpio","dragon scorpio"
"745","male","2001","economics","30","11","1942","horse","sagittarius","horse sagittarius"
"684","male","1974","economics","6","12","1898","dog","sagittarius","dog sagittarius"
"703","male","1989","economics","13","12","1911","pig","sagittarius","pig sagittarius"
"882","male","2012","economics","18","12","1951","rabbit","sagittarius","rabbit sagittarius"
"787","male","2004","economics","26","12","1940","dragon","capricorn","dragon capricorn"
"707","male","1991","economics","29","12","1910","dog","capricorn","dog capricorn"
"894","male","2013","economics","14","2","1939","rabbit","aquarious","rabbit aquarious"
"858","male","2010","economics","20","2","1948","rat","pisces","rat pisces"
"971","male","2019","economics","21","2","1961","ox","pisces","ox pisces"
"834","male","2008","economics","28","2","1953","snake","pisces","snake pisces"
"896","male","2013","economics","29","3","1946","dog","aries","dog aries"
"822","male","2007","economics","29","3","1951","rabbit","aries","rabbit aries"
"800","male","2005","economics","14","4","1921","rooster","aries","rooster aries"
"732","male","2000","economics","19","4","1944","monkey","aries","monkey aries"
"984","male","2020","economics","20","4","1948","rat","taurus","rat taurus"
"856","male","2010","economics","29","4","1940","dragon","taurus","dragon taurus"
"680","male","1971","economics","30","4","1901","ox","taurus","ox taurus"
"692","male","1979","economics","30","4","1902","tiger","taurus","tiger taurus"
"679","male","1970","economics","15","5","1915","rabbit","taurus","rabbit taurus"
"705","male","1990","economics","16","5","1923","pig","taurus","pig taurus"
"985","male","2020","economics","16","5","1937","ox","taurus","ox taurus"
"711","male","1994","economics","29","5","1920","monkey","gemini","monkey gemini"
"702","male","1988","economics","31","5","1911","pig","gemini","pig gemini"
"958","male","2018","economics","31","5","1941","snake","gemini","snake gemini"
"712","male","1994","economics","13","6","1928","dragon","gemini","dragon gemini"
"691","male","1978","economics","15","6","1916","dragon","gemini","dragon gemini"
"706","male","1990","economics","16","6","1934","dog","gemini","dog gemini"
"744","male","2001","economics","17","6","1940","dragon","gemini","dragon gemini"
"699","male","1985","economics","18","6","1918","horse","gemini","horse gemini"
"716","male","1996","economics","21","6","1914","tiger","gemini","tiger gemini"
"690","male","1977","economics","23","6","1907","goat","cancer","goat cancer"
"872","male","2011","economics","19","7","1943","goat","cancer","goat cancer"
"807","male","2006","economics","26","7","1933","rooster","leo","rooster leo"
"733","male","2000","economics","29","7","1937","ox","leo","ox leo"
"688","male","1976","economics","31","7","1912","rat","leo","rat leo"
"717","male","1997","economics","31","7","1944","monkey","leo","monkey leo"
"820","male","2007","economics","21","8","1917","snake","leo","snake leo"
"682","male","1972","economics","23","8","1921","rooster","virgo","rooster virgo"
"701","male","1987","economics","23","8","1924","rat","virgo","rat virgo"
"704","male","1990","economics","24","8","1927","rabbit","virgo","rabbit virgo"
"687","male","1975","economics","28","8","1910","dog","virgo","dog virgo"
"698","male","1984","economics","30","8","1913","ox","virgo","ox virgo"
"694","male","1980","economics","14","9","1920","monkey","virgo","monkey virgo"
"714","male","1995","economics","15","9","1937","ox","virgo","ox virgo"
"847","male","2009","economics","27","9","1932","monkey","libra","monkey libra"
"650","male","1974","literature","6","5","1904","dragon","taurus","dragon taurus"
"645","male","1971","literature","12","7","1904","dragon","cancer","dragon cancer"
"655","male","1979","literature","2","11","1911","pig","scorpio","pig scorpio"
"665","male","1988","literature","11","12","1911","pig","sagittarius","pig sagittarius"
"628","male","1957","literature","7","11","1913","ox","scorpio","ox scorpio"
"662","male","1985","literature","10","10","1913","ox","libra","ox libra"
"652","male","1976","literature","10","6","1915","rabbit","gemini","rabbit gemini"
"666","male","1989","literature","11","5","1916","dragon","taurus","dragon taurus"
"644","male","1970","literature","11","12","1918","horse","sagittarius","horse sagittarius"
"673","female","1996","literature","2","7","1923","pig","cancer","pig cancer"
"659","male","1982","literature","6","3","1927","rabbit","pisces","rabbit pisces"
"761","male","2002","literature","9","11","1929","snake","scorpio","snake scorpio"
"801","male","2005","literature","10","10","1930","horse","libra","horse libra"
"892","female","2013","literature","10","7","1931","goat","cancer","goat cancer"
"734","male","2000","literature","4","1","1940","dragon","capricorn","dragon capricorn"
"763","male","2003","literature","9","2","1940","dragon","aquarious","dragon aquarious"
"969","male","2019","literature","6","12","1942","horse","sagittarius","horse sagittarius"
"808","male","2006","literature","7","6","1952","dragon","gemini","dragon gemini"
"937","male","2017","literature","8","11","1954","horse","scorpio","horse scorpio"
"880","male","2012","literature","2","2","1955","goat","aquarious","goat aquarious"
"578","male","1908","literature","5","1","1846","horse","capricorn","horse capricorn"
"614","male","1944","literature","20","1","1873","rooster","aquarious","rooster aquarious"
"584","male","1915","literature","29","1","1866","tiger","aquarious","tiger aquarious"
"603","male","1930","literature","7","2","1885","rooster","aquarious","rooster aquarious"
"629","male","1958","literature","10","2","1890","tiger","aquarious","tiger aquarious"
"580","male","1910","literature","15","3","1830","tiger","pisces","tiger pisces"
"569","male","1901","literature","16","3","1839","pig","pisces","pig pisces"
"609","male","1937","literature","23","3","1881","snake","aries","snake aries"
"615","female","1945","literature","7","4","1889","ox","aries","ox aries"
"590","male","1921","literature","16","4","1844","dragon","aries","dragon aries"
"574","male","1904","literature","19","4","1832","dragon","aries","dragon aries"
"588","male","1919","literature","24","4","1845","snake","taurus","snake taurus"
"653","male","1977","literature","26","4","1898","dog","taurus","dog taurus"
"575","male","1905","literature","5","5","1846","horse","taurus","horse taurus"
"583","male","1913","literature","7","5","1861","rooster","taurus","rooster taurus"
"594","male","1924","literature","7","5","1867","rabbit","taurus","rabbit taurus"
"621","male","1950","literature","18","5","1872","monkey","taurus","monkey taurus"
"601","female","1928","literature","20","5","1882","horse","taurus","horse taurus"
"622","male","1951","literature","23","5","1891","rabbit","gemini","rabbit gemini"
"631","male","1960","literature","31","5","1887","pig","gemini","pig gemini"
"586","male","1917","literature","2","6","1857","snake","gemini","snake gemini"
"602","male","1929","literature","6","6","1875","pig","gemini","pig gemini"
"642","male","1968","literature","11","6","1899","pig","gemini","pig gemini"
"593","male","1923","literature","13","6","1865","ox","gemini","ox gemini"
"610","female","1938","literature","26","6","1892","dragon","cancer","dragon cancer"
"607","male","1934","literature","28","6","1867","rabbit","cancer","rabbit cancer"
"617","male","1946","literature","2","7","1877","ox","cancer","ox cancer"
"585","male","1916","literature","6","7","1859","goat","cancer","goat cancer"
"639","male","1966","literature","17","7","1888","rat","cancer","rat cancer"
"604","male","1931","literature","20","7","1864","rat","cancer","rat cancer"
"625","male","1954","literature","21","7","1899","pig","cancer","pig cancer"
"587","male","1917","literature","24","7","1857","snake","leo","snake leo"
"596","male","1925","literature","26","7","1856","dragon","leo","dragon leo"
"576","male","1906","literature","27","7","1835","goat","leo","goat leo"
"589","male","1920","literature","4","8","1859","goat","leo","goat leo"
"592","male","1922","literature","12","8","1866","tiger","leo","tiger leo"
"605","male","1932","literature","14","8","1867","rabbit","leo","rabbit leo"
"581","male","1911","literature","29","8","1862","dog","virgo","dog virgo"
"573","male","1904","literature","8","9","1830","tiger","virgo","tiger virgo"
"613","male","1939","literature","16","9","1888","rat","virgo","rat virgo"
"620","male","1949","literature","25","9","1897","rooster","libra","rooster libra"
"619","male","1948","literature","26","9","1888","rat","libra","rat libra"
"597","female","1926","literature","27","9","1871","goat","libra","goat libra"
"669","male","1992","literature","23","1","1930","horse","aquarious","horse aquarious"
"955","female","2018","literature","29","1","1962","tiger","aquarious","tiger aquarious"
"671","male","1994","literature","31","1","1935","pig","aquarious","pig aquarious"
"633","male","1961","literature","10","10","1892","dragon","libra","dragon libra"
"623","male","1952","literature","11","10","1885","rooster","libra","rooster libra"
"651","male","1975","literature","12","10","1896","monkey","libra","monkey libra"
"608","male","1936","literature","16","10","1888","rat","libra","rat libra"
"676","male","1999","literature","16","10","1927","rabbit","libra","rabbit libra"
"600","male","1927","literature","18","10","1859","goat","libra","goat libra"
"641","male","1967","literature","19","10","1899","pig","libra","pig libra"
"782","female","2004","literature","20","10","1946","dog","libra","dog libra"
"606","male","1933","literature","22","10","1870","horse","libra","horse libra"
"817","female","2007","literature","22","10","1919","goat","libra","goat libra"
"582","male","1912","literature","15","11","1862","dog","scorpio","dog scorpio"
"675","male","1998","literature","16","11","1922","dog","scorpio","dog scorpio"
"668","female","1991","literature","19","11","1923","pig","scorpio","pig scorpio"
"579","female","1909","literature","20","11","1858","horse","scorpio","horse scorpio"
"618","male","1947","literature","22","11","1869","snake","scorpio","snake scorpio"
"571","male","1902","literature","30","11","1817","ox","sagittarius","ox sagittarius"
"624","male","1953","literature","30","11","1874","dog","sagittarius","dog sagittarius"
"572","male","1903","literature","8","12","1832","dragon","sagittarius","dragon sagittarius"
"640","female","1966","literature","10","12","1891","rabbit","sagittarius","rabbit sagittarius"
"647","male","1972","literature","21","12","1917","snake","sagittarius","snake sagittarius"
"627","male","1956","literature","24","12","1881","snake","capricorn","snake capricorn"
"577","male","1907","literature","30","12","1865","ox","capricorn","ox capricorn"
"670","female","1993","literature","18","2","1931","goat","aquarious","goat aquarious"
"634","male","1962","literature","27","2","1902","tiger","pisces","tiger pisces"
"635","male","1963","literature","13","3","1900","rat","pisces","rat pisces"
"674","male","1997","literature","24","3","1926","tiger","aries","tiger aries"
"854","male","2010","literature","28","3","1936","rat","aries","rat aries"
"667","male","1990","literature","31","3","1914","tiger","aries","tiger aries"
"643","male","1969","literature","13","4","1906","horse","aries","horse aries"
"672","male","1995","literature","13","4","1939","rabbit","aries","rabbit aries"
"832","male","2008","literature","13","4","1940","dragon","aries","dragon aries"
"868","male","2011","literature","15","4","1931","goat","aries","goat aries"
"982","female","2020","literature","22","4","1943","goat","taurus","goat taurus"
"626","male","1955","literature","23","4","1902","tiger","taurus","tiger taurus"
"638","male","1965","literature","24","5","1905","snake","gemini","snake gemini"
"664","male","1987","literature","24","5","1940","dragon","gemini","dragon gemini"
"648","male","1973","literature","28","5","1912","rat","gemini","rat gemini"
"924","female","2015","literature","31","5","1948","rat","gemini","rat gemini"
"637","male","1964","literature","21","6","1905","snake","gemini","snake gemini"
"657","male","1980","literature","30","6","1911","pig","cancer","pig cancer"
"663","male","1986","literature","13","7","1934","dog","cancer","dog cancer"
"654","male","1978","literature","14","7","1904","dragon","cancer","dragon cancer"
"658","male","1981","literature","25","7","1905","snake","leo","snake leo"
"649","male","1974","literature","29","7","1900","rat","leo","rat leo"
"912","male","2014","literature","30","7","1945","rooster","leo","rooster leo"
"747","male","2001","literature","17","8","1932","monkey","leo","monkey leo"
"844","female","2009","literature","17","8","1953","snake","leo","snake leo"
"630","male","1959","literature","19","8","1901","ox","leo","ox leo"
"660","male","1983","literature","19","9","1911","pig","virgo","pig virgo"
"661","male","1984","literature","23","9","1901","ox","libra","ox libra"
"381","male","1965","medicine","8","5","1902","tiger","taurus","tiger taurus"
"359","male","1955","medicine","6","7","1903","rabbit","cancer","rabbit cancer"
"401","male","1973","medicine","7","11","1903","rabbit","scorpio","rabbit scorpio"
"395","male","1970","medicine","7","2","1905","snake","aquarious","snake aquarious"
"391","male","1969","medicine","4","9","1906","horse","virgo","horse virgo"
"392","male","1969","medicine","4","12","1908","monkey","sagittarius","monkey sagittarius"
"382","male","1965","medicine","9","2","1910","dog","aquarious","dog aquarious"
"379","male","1964","medicine","6","4","1911","pig","aries","pig aries"
"376","male","1963","medicine","5","2","1914","tiger","aquarious","tiger aquarious"
"458","male","1998","medicine","4","6","1916","dragon","gemini","dragon gemini"
"372","male","1962","medicine","8","6","1916","dragon","gemini","dragon gemini"
"425","male","1982","medicine","10","1","1916","dragon","capricorn","dragon capricorn"
"404","male","1974","medicine","2","10","1917","snake","libra","snake libra"
"399","male","1972","medicine","8","10","1917","snake","libra","snake libra"
"368","male","1959","medicine","3","3","1918","horse","pisces","horse pisces"
"447","male","1992","medicine","6","6","1918","horse","gemini","horse gemini"
"442","male","1990","medicine","1","4","1919","goat","aries","goat aries"
"446","male","1992","medicine","6","4","1920","monkey","aries","monkey aries"
"389","male","1968","medicine","9","1","1922","dog","capricorn","dog capricorn"
"410","male","1976","medicine","9","9","1923","pig","virgo","pig virgo"
"424","male","1981","medicine","3","6","1924","rat","gemini","rat gemini"
"411","male","1977","medicine","11","1","1924","rat","capricorn","rat capricorn"
"451","male","1994","medicine","1","12","1925","ox","sagittarius","ox sagittarius"
"723","male","2000","medicine","11","12","1925","ox","sagittarius","ox sagittarius"
"431","male","1984","medicine","8","10","1927","rabbit","libra","rabbit libra"
"390","male","1968","medicine","10","4","1927","rabbit","aries","rabbit aries"
"373","male","1962","medicine","6","4","1928","dragon","aries","dragon aries"
"398","male","1972","medicine","1","7","1929","snake","cancer","snake cancer"
"414","male","1978","medicine","3","6","1929","snake","gemini","snake gemini"
"764","male","2003","medicine","6","5","1929","snake","taurus","snake taurus"
"724","male","2000","medicine","7","11","1929","snake","scorpio","snake scorpio"
"874","male","2012","medicine","2","10","1933","rooster","libra","rooster libra"
"765","male","2003","medicine","9","10","1933","rooster","libra","rooster libra"
"408","male","1975","medicine","10","12","1934","dog","sagittarius","dog sagittarius"
"917","male","2015","medicine","12","6","1935","pig","gemini","pig gemini"
"979","male","2020","medicine","12","9","1935","pig","virgo","pig virgo"
"823","male","2008","medicine","11","3","1936","rat","pisces","rat pisces"
"811","male","2007","medicine","6","10","1937","ox","libra","ox libra"
"790","male","2005","medicine","11","6","1937","ox","gemini","ox gemini"
"406","male","1975","medicine","7","3","1938","tiger","pisces","tiger pisces"
"436","male","1987","medicine","6","9","1939","rabbit","virgo","rabbit virgo"
"812","male","2007","medicine","1","1","1941","snake","capricorn","snake capricorn"
"450","male","1994","medicine","1","7","1941","snake","cancer","snake cancer"
"862","male","2011","medicine","2","8","1941","snake","leo","snake leo"
"445","male","1991","medicine","12","6","1942","horse","gemini","horse gemini"
"448","male","1993","medicine","6","9","1943","goat","virgo","goat virgo"
"456","male","1996","medicine","6","1","1944","monkey","capricorn","monkey capricorn"
"449","male","1993","medicine","6","6","1944","monkey","gemini","monkey gemini"
"939","male","2017","medicine","7","3","1944","monkey","pisces","monkey pisces"
"938","male","2017","medicine","3","5","1945","rooster","taurus","rooster taurus"
"927","male","2016","medicine","9","2","1945","rooster","aquarious","rooster aquarious"
"774","male","2004","medicine","2","7","1946","dog","cancer","dog cancer"
"751","male","2002","medicine","8","5","1947","pig","taurus","pig taurus"
"454","male","1995","medicine","8","6","1947","pig","gemini","pig gemini"
"953","male","2018","medicine","7","8","1948","rat","leo","rat leo"
"884","male","2013","medicine","3","11","1950","tiger","scorpio","tiger scorpio"
"837","male","2009","medicine","9","11","1952","dragon","scorpio","dragon scorpio"
"968","male","2019","medicine","12","7","1956","monkey","cancer","monkey cancer"
"875","male","2012","medicine","4","9","1962","tiger","virgo","tiger virgo"
"904","female","2014","medicine","4","1","1963","rabbit","capricorn","rabbit capricorn"
"337","male","1944","medicine","5","1","1874","dog","capricorn","dog capricorn"
"346","male","1948","medicine","12","1","1899","pig","capricorn","pig capricorn"
"352","male","1951","medicine","30","1","1899","pig","aquarious","pig aquarious"
"328","male","1934","medicine","6","2","1892","dragon","aquarious","dragon aquarious"
"328","male","1934","medicine","6","2","1892","dragon","aquarious","dragon aquarious"
"356","male","1954","medicine","10","2","1897","rooster","aquarious","rooster aquarious"
"335","male","1943","medicine","21","2","1895","goat","pisces","goat pisces"
"351","male","1950","medicine","28","2","1896","monkey","pisces","monkey pisces"
"317","male","1927","medicine","7","3","1857","snake","pisces","snake pisces"
"349","male","1950","medicine","8","3","1886","dog","pisces","dog pisces"
"302","male","1908","medicine","14","3","1854","tiger","pisces","tiger pisces"
"293","male","1901","medicine","15","3","1854","tiger","pisces","tiger pisces"
"347","male","1949","medicine","17","3","1881","snake","pisces","snake pisces"
"333","male","1938","medicine","28","3","1892","dragon","aries","dragon aries"
"345","male","1947","medicine","10","4","1887","pig","aries","pig aries"
"312","male","1922","medicine","12","4","1884","monkey","aries","monkey aries"
"308","male","1914","medicine","22","4","1876","rat","taurus","rat taurus"
"316","male","1926","medicine","23","4","1867","rabbit","taurus","rabbit taurus"
"299","male","1906","medicine","1","5","1852","rat","taurus","rat taurus"
"294","male","1902","medicine","13","5","1857","snake","taurus","snake taurus"
"301","male","1908","medicine","15","5","1845","snake","taurus","snake taurus"
"315","male","1924","medicine","21","5","1860","monkey","gemini","monkey gemini"
"331","male","1936","medicine","3","6","1873","rooster","gemini","rooster gemini"
"371","male","1961","medicine","3","6","1899","pig","gemini","pig gemini"
"305","male","1911","medicine","5","6","1862","dog","gemini","dog gemini"
"330","male","1936","medicine","9","6","1875","pig","gemini","pig gemini"
"355","male","1953","medicine","12","6","1899","pig","gemini","pig gemini"
"309","male","1919","medicine","13","6","1870","horse","gemini","horse gemini"
"321","male","1930","medicine","14","6","1868","dragon","gemini","dragon gemini"
"300","male","1907","medicine","18","6","1845","snake","gemini","snake gemini"
"320","male","1929","medicine","20","6","1861","rooster","gemini","rooster gemini"
"329","male","1935","medicine","27","6","1869","snake","cancer","snake cancer"
"306","male","1912","medicine","28","6","1873","rooster","cancer","rooster cancer"
"338","male","1944","medicine","5","7","1888","rat","cancer","rat cancer"
"298","male","1906","medicine","7","7","1843","rabbit","cancer","rabbit cancer"
"350","male","1950","medicine","20","7","1897","rooster","cancer","rooster cancer"
"353","male","1952","medicine","22","7","1888","rat","cancer","rat cancer"
"339","male","1945","medicine","6","8","1881","snake","leo","snake leo"
"319","male","1929","medicine","11","8","1858","horse","leo","horse leo"
"344","female","1947","medicine","15","8","1896","monkey","leo","monkey leo"
"403","male","1974","medicine","24","8","1898","dog","virgo","dog virgo"
"303","male","1909","medicine","25","8","1841","ox","virgo","ox virgo"
"307","male","1913","medicine","26","8","1850","dog","virgo","dog virgo"
"326","male","1934","medicine","28","8","1878","tiger","virgo","tiger virgo"
"369","male","1960","medicine","3","9","1899","pig","virgo","pig virgo"
"314","male","1923","medicine","6","9","1876","rat","virgo","rat virgo"
"296","male","1904","medicine","14","9","1849","rooster","virgo","rooster virgo"
"304","male","1910","medicine","16","9","1853","ox","virgo","ox virgo"
"332","male","1937","medicine","16","9","1893","snake","virgo","snake virgo"
"318","male","1928","medicine","21","9","1866","tiger","virgo","tiger virgo"
"360","male","1956","medicine","24","9","1895","goat","libra","goat libra"
"341","male","1945","medicine","24","9","1898","dog","libra","dog libra"
"325","male","1933","medicine","25","9","1866","tiger","libra","tiger libra"
"311","male","1922","medicine","26","9","1886","dog","libra","dog libra"
"750","male","2002","medicine","13","1","1927","rabbit","capricorn","rabbit capricorn"
"863","male","2011","medicine","14","1","1943","goat","capricorn","goat capricorn"
"378","male","1964","medicine","21","1","1912","rat","aquarious","rat aquarious"
"438","female","1988","medicine","23","1","1918","horse","aquarious","horse aquarious"
"722","male","2000","medicine","25","1","1923","pig","aquarious","pig aquarious"
"737","male","2001","medicine","25","1","1949","ox","aquarious","ox aquarious"
"375","male","1963","medicine","27","1","1903","rabbit","aquarious","rabbit aquarious"
"954","male","2018","medicine","27","1","1942","horse","aquarious","horse aquarious"
"388","male","1968","medicine","28","1","1922","dog","aquarious","dog aquarious"
"775","female","2004","medicine","29","1","1947","pig","aquarious","pig aquarious"
"383","male","1966","medicine","5","10","1879","rabbit","libra","rabbit libra"
"322","male","1931","medicine","8","10","1883","goat","libra","goat libra"
"455","male","1996","medicine","15","10","1940","dragon","libra","dragon libra"
"420","male","1980","medicine","19","10","1916","dragon","libra","dragon libra"
"803","male","2006","medicine","19","10","1960","rat","libra","rat libra"
"453","female","1995","medicine","20","10","1942","horse","libra","horse libra"
"364","male","1958","medicine","22","10","1903","rabbit","libra","rabbit libra"
"419","male","1980","medicine","29","10","1920","monkey","scorpio","monkey scorpio"
"334","male","1939","medicine","30","10","1895","goat","scorpio","goat scorpio"
"362","male","1956","medicine","30","10","1895","goat","scorpio","goat scorpio"
"385","male","1967","medicine","30","10","1900","rat","scorpio","rat scorpio"
"415","male","1978","medicine","30","10","1928","dragon","scorpio","dragon scorpio"
"735","male","2001","medicine","30","10","1939","rabbit","scorpio","rabbit scorpio"
"336","male","1943","medicine","13","11","1893","snake","scorpio","snake scorpio"
"313","male","1923","medicine","14","11","1891","rabbit","scorpio","rabbit scorpio"
"310","male","1920","medicine","15","11","1874","dog","scorpio","dog scorpio"
"434","male","1986","medicine","17","11","1922","dog","scorpio","dog scorpio"
"387","male","1967","medicine","18","11","1906","horse","scorpio","horse scorpio"
"903","male","2014","medicine","18","11","1939","rabbit","scorpio","rabbit scorpio"
"405","male","1974","medicine","19","11","1912","rat","scorpio","rat scorpio"
"397","male","1971","medicine","19","11","1915","rabbit","scorpio","rabbit scorpio"
"400","male","1973","medicine","20","11","1886","dog","scorpio","dog scorpio"
"377","male","1963","medicine","22","11","1917","snake","scorpio","snake scorpio"
"966","male","2019","medicine","23","11","1957","rooster","sagittarius","rooster sagittarius"
"835","female","2009","medicine","26","11","1948","rat","sagittarius","rat sagittarius"
"323","male","1932","medicine","27","11","1857","snake","sagittarius","snake sagittarius"
"348","male","1949","medicine","29","11","1874","dog","sagittarius","dog sagittarius"
"324","male","1932","medicine","30","11","1889","ox","sagittarius","ox sagittarius"
"412","male","1977","medicine","30","11","1926","tiger","sagittarius","tiger sagittarius"
"327","male","1934","medicine","2","12","1885","rooster","sagittarius","rooster sagittarius"
"343","male","1947","medicine","5","12","1896","monkey","sagittarius","monkey sagittarius"
"297","male","1905","medicine","11","12","1843","rabbit","sagittarius","rabbit sagittarius"
"365","male","1958","medicine","14","12","1909","rooster","sagittarius","rooster sagittarius"
"295","male","1903","medicine","15","12","1860","monkey","sagittarius","monkey sagittarius"
"374","male","1962","medicine","15","12","1916","dragon","sagittarius","dragon sagittarius"
"441","male","1989","medicine","18","12","1939","rabbit","sagittarius","rabbit sagittarius"
"421","male","1980","medicine","19","12","1903","rabbit","sagittarius","rabbit sagittarius"
"342","male","1946","medicine","21","12","1890","tiger","sagittarius","tiger sagittarius"
"386","male","1967","medicine","22","12","1903","rabbit","capricorn","rabbit capricorn"
"886","male","2013","medicine","22","12","1955","goat","capricorn","goat capricorn"
"429","male","1984","medicine","23","12","1911","pig","capricorn","pig capricorn"
"861","male","2011","medicine","29","12","1957","rooster","capricorn","rooster capricorn"
"861","male","2011","medicine","29","12","1957","rooster","capricorn","rooster capricorn"
"918","female","2015","medicine","30","12","1930","horse","capricorn","horse capricorn"
"885","male","2013","medicine","30","12","1948","rat","capricorn","rat capricorn"
"885","male","2013","medicine","30","12","1948","rat","capricorn","rat capricorn"
"736","male","2001","medicine","19","2","1943","goat","pisces","goat pisces"
"407","male","1975","medicine","22","2","1914","tiger","pisces","tiger pisces"
"440","male","1989","medicine","22","2","1936","rat","pisces","rat pisces"
"417","male","1979","medicine","23","2","1924","rat","pisces","rat pisces"
"423","male","1981","medicine","27","2","1926","tiger","pisces","tiger pisces"
"370","male","1960","medicine","28","2","1915","rabbit","pisces","rabbit pisces"
"443","male","1990","medicine","15","3","1920","monkey","pisces","monkey pisces"
"444","male","1991","medicine","20","3","1944","monkey","pisces","monkey pisces"
"363","male","1957","medicine","23","3","1907","goat","aries","goat aries"
"394","male","1970","medicine","26","3","1911","pig","aries","pig aries"
"752","male","2002","medicine","27","3","1942","horse","aries","horse aries"
"940","male","2017","medicine","28","3","1949","ox","aries","ox aries"
"427","male","1982","medicine","29","3","1927","rabbit","aries","rabbit aries"
"432","male","1985","medicine","13","4","1941","snake","aries","snake aries"
"402","male","1973","medicine","15","4","1907","goat","aries","goat aries"
"836","female","2009","medicine","15","4","1961","ox","aries","ox aries"
"430","male","1984","medicine","17","4","1946","dog","aries","dog aries"
"439","male","1988","medicine","18","4","1905","snake","aries","snake aries"
"433","male","1985","medicine","18","4","1940","dragon","aries","dragon aries"
"435","female","1986","medicine","22","4","1909","rooster","taurus","rooster taurus"
"802","male","2006","medicine","27","4","1959","pig","taurus","pig taurus"
"905","male","2014","medicine","27","4","1962","tiger","taurus","tiger taurus"
"967","male","2019","medicine","14","5","1954","horse","taurus","horse taurus"
"452","male","1995","medicine","19","5","1918","horse","taurus","horse taurus"
"426","male","1982","medicine","21","5","1934","dog","gemini","dog gemini"
"461","male","1999","medicine","21","5","1936","rat","gemini","rat gemini"
"366","male","1958","medicine","23","5","1925","ox","gemini","ox gemini"
"457","male","1997","medicine","28","5","1942","horse","gemini","horse gemini"
"396","male","1970","medicine","30","5","1912","rat","gemini","rat gemini"
"459","male","1998","medicine","31","5","1941","snake","gemini","snake gemini"
"437","male","1988","medicine","14","6","1924","rat","gemini","rat gemini"
"357","male","1954","medicine","15","6","1915","rabbit","gemini","rabbit gemini"
"428","female","1983","medicine","16","6","1902","tiger","gemini","tiger gemini"
"380","male","1965","medicine","17","6","1920","monkey","gemini","monkey gemini"
"340","male","1945","medicine","19","6","1906","horse","gemini","horse gemini"
"813","male","2007","medicine","23","6","1925","ox","cancer","ox cancer"
"916","male","2015","medicine","28","6","1930","horse","cancer","horse cancer"
"413","female","1977","medicine","19","7","1921","rooster","cancer","rooster cancer"
"409","male","1976","medicine","28","7","1925","ox","leo","ox leo"
"824","female","2008","medicine","30","7","1947","pig","leo","pig leo"
"393","male","1969","medicine","13","8","1912","rat","leo","rat leo"
"825","male","2008","medicine","18","8","1932","monkey","leo","monkey leo"
"422","male","1981","medicine","19","8","1913","ox","leo","ox leo"
"416","male","1978","medicine","23","8","1931","goat","virgo","goat virgo"
"354","male","1953","medicine","25","8","1900","rat","virgo","rat virgo"
"358","male","1954","medicine","25","8","1916","dragon","virgo","dragon virgo"
"981","male","2020","medicine","25","8","1952","dragon","virgo","dragon virgo"
"418","male","1979","medicine","28","8","1919","goat","virgo","goat virgo"
"361","male","1956","medicine","29","8","1904","dragon","virgo","dragon virgo"
"460","male","1998","medicine","14","9","1936","rat","virgo","rat virgo"
"384","male","1966","medicine","22","9","1901","ox","virgo","ox virgo"
"367","male","1959","medicine","24","9","1905","snake","libra","snake libra"
"848","male","2010","medicine","27","9","1925","ox","libra","ox libra"
"789","male","2005","medicine","30","9","1951","rabbit","libra","rabbit libra"
"511","male","1950","peace","7","8","1904","dragon","leo","dragon leo"
"560","male","1995","peace","4","11","1908","monkey","scorpio","monkey scorpio"
"517","male","1958","peace","10","2","1910","dog","aquarious","dog aquarious"
"559","male","1994","peace","1","3","1922","dog","pisces","dog pisces"
"762","male","2002","peace","1","10","1924","rat","libra","rat libra"
"725","male","2000","peace","3","12","1925","ox","sagittarius","ox sagittarius"
"552","male","1990","peace","2","3","1931","goat","pisces","goat pisces"
"546","male","1984","peace","7","10","1931","goat","libra","goat libra"
"551","male","1989","peace","6","7","1935","pig","cancer","pig cancer"
"749","male","2001","peace","8","4","1938","tiger","aries","tiger aries"
"783","female","2004","peace","1","4","1940","dragon","aries","dragon aries"
"562","male","1996","peace","3","2","1948","rat","aquarious","rat aquarious"
"565","female","1997","peace","9","10","1950","tiger","libra","tiger libra"
"934","male","2016","peace","10","8","1951","rabbit","leo","rabbit leo"
"913","male","2014","peace","11","1","1954","horse","capricorn","horse capricorn"
"956","male","2018","peace","1","3","1955","goat","pisces","goat pisces"
"554","female","1992","peace","9","1","1959","pig","capricorn","pig capricorn"
"845","male","2009","peace","4","8","1961","ox","leo","ox leo"
"870","female","2011","peace","1","2","1972","rat","aquarious","rat aquarious"
"871","female","2011","peace","7","2","1979","goat","aquarious","goat aquarious"
"914","female","2014","peace","12","7","1997","ox","cancer","ox cancer"
"506","female","1946","peace","8","1","1867","rabbit","capricorn","rabbit capricorn"
"513","male","1952","peace","14","1","1875","pig","capricorn","pig capricorn"
"495","male","1930","peace","15","1","1866","tiger","capricorn","tiger capricorn"
"480","male","1912","peace","15","2","1845","snake","aquarious","snake aquarious"
"464","male","1902","peace","19","2","1833","snake","pisces","snake pisces"
"466","male","1903","peace","18","3","1828","rat","pisces","rat pisces"
"493","male","1927","peace","23","3","1858","horse","aries","horse aries"
"490","male","1926","peace","28","3","1862","dog","aries","dog aries"
"497","male","1931","peace","2","4","1862","dog","aries","dog aries"
"474","male","1908","peace","21","4","1837","rooster","taurus","rooster taurus"
"481","male","1913","peace","22","4","1854","tiger","taurus","tiger taurus"
"516","male","1957","peace","23","4","1897","rooster","taurus","rooster taurus"
"478","male","1911","peace","28","4","1838","dog","taurus","dog taurus"
"462","male","1901","peace","8","5","1828","rat","taurus","rat taurus"
"491","male","1926","peace","10","5","1878","tiger","taurus","tiger taurus"
"463","male","1901","peace","20","5","1822","horse","taurus","horse taurus"
"465","male","1902","peace","21","5","1843","rabbit","gemini","rabbit gemini"
"472","male","1907","peace","21","5","1843","rabbit","gemini","rabbit gemini"
"484","male","1920","peace","21","5","1851","pig","gemini","pig gemini"
"507","male","1946","peace","25","5","1865","ox","gemini","ox gemini"
"468","female","1905","peace","9","6","1843","rabbit","gemini","rabbit gemini"
"512","male","1951","peace","1","7","1879","rabbit","cancer","rabbit cancer"
"475","male","1909","peace","26","7","1829","ox","leo","ox leo"
"489","male","1925","peace","27","8","1865","ox","virgo","ox virgo"
"496","female","1931","peace","6","9","1860","monkey","virgo","monkey virgo"
"499","male","1934","peace","13","9","1863","pig","virgo","pig virgo"
"502","male","1937","peace","14","9","1864","rat","virgo","rat virgo"
"486","male","1921","peace","17","9","1869","snake","virgo","snake virgo"
"471","male","1907","peace","20","9","1833","snake","virgo","snake virgo"
"510","male","1949","peace","23","9","1880","dragon","libra","dragon libra"
"524","male","1964","peace","15","1","1929","snake","capricorn","snake capricorn"
"566","male","1998","peace","18","1","1937","ox","capricorn","ox capricorn"
"532","male","1974","peace","26","1","1904","dragon","aquarious","dragon aquarious"
"536","female","1976","peace","27","1","1944","monkey","aquarious","monkey aquarious"
"543","female","1982","peace","31","1","1902","tiger","aquarious","tiger aquarious"
"505","male","1945","peace","2","10","1871","goat","libra","goat libra"
"500","male","1935","peace","3","10","1889","ox","libra","ox libra"
"526","male","1968","peace","5","10","1887","pig","libra","pig libra"
"487","male","1922","peace","10","10","1861","rooster","libra","rooster libra"
"531","male","1973","peace","14","10","1911","pig","libra","pig libra"
"567","male","1998","peace","15","10","1944","monkey","libra","monkey libra"
"488","male","1925","peace","16","10","1863","pig","libra","pig libra"
"473","male","1908","peace","27","10","1844","dragon","scorpio","dragon scorpio"
"470","male","1906","peace","27","10","1858","horse","scorpio","horse scorpio"
"869","female","2011","peace","29","10","1938","tiger","scorpio","tiger scorpio"
"501","male","1936","peace","1","11","1878","tiger","scorpio","tiger scorpio"
"518","male","1959","peace","1","11","1889","ox","scorpio","ox scorpio"
"479","male","1911","peace","11","11","1864","rat","scorpio","rat scorpio"
"476","male","1909","peace","22","11","1852","rat","scorpio","rat scorpio"
"485","male","1921","peace","23","11","1860","monkey","sagittarius","monkey sagittarius"
"541","male","1980","peace","26","11","1931","goat","sagittarius","goat sagittarius"
"519","male","1960","peace","30","11","1897","rooster","sagittarius","rooster sagittarius"
"529","male","1971","peace","18","12","1913","ox","sagittarius","ox sagittarius"
"492","male","1927","peace","20","12","1841","ox","sagittarius","ox sagittarius"
"494","male","1929","peace","22","12","1856","dragon","capricorn","dragon capricorn"
"538","male","1978","peace","25","12","1918","horse","capricorn","horse capricorn"
"498","male","1933","peace","26","12","1872","monkey","capricorn","monkey capricorn"
"563","male","1996","peace","26","12","1949","ox","capricorn","ox capricorn"
"483","male","1919","peace","28","12","1856","dragon","capricorn","dragon capricorn"
"855","male","2010","peace","28","12","1955","goat","capricorn","goat capricorn"
"514","male","1953","peace","31","12","1880","dragon","capricorn","dragon capricorn"
"217","male","1962","peace","28","2","1901","ox","pisces","ox pisces"
"556","male","1993","peace","18","3","1936","rat","pisces","rat pisces"
"544","male","1982","peace","19","3","1911","pig","pisces","pig pisces"
"528","male","1970","peace","25","3","1914","tiger","aries","tiger aries"
"533","male","1974","peace","27","3","1901","ox","aries","ox aries"
"819","male","2007","peace","31","3","1948","rat","aries","rat aries"
"534","male","1975","peace","21","5","1921","rooster","gemini","rooster gemini"
"535","female","1976","peace","22","5","1943","goat","gemini","goat gemini"
"530","male","1973","peace","27","5","1923","pig","gemini","pig gemini"
"798","male","2005","peace","17","6","1942","horse","gemini","horse gemini"
"553","female","1991","peace","19","6","1945","rooster","gemini","rooster gemini"
"773","female","2003","peace","21","6","1947","pig","gemini","pig gemini"
"833","male","2008","peace","23","6","1937","ox","cancer","ox cancer"
"809","male","2006","peace","28","6","1940","dragon","cancer","dragon cancer"
"555","male","1993","peace","18","7","1918","horse","cancer","horse cancer"
"520","male","1961","peace","29","7","1905","snake","leo","snake leo"
"970","male","2019","peace","15","8","1976","dragon","leo","dragon leo"
"539","male","1978","peace","16","8","1913","ox","leo","ox leo"
"558","male","1994","peace","16","8","1923","pig","leo","pig leo"
"557","male","1994","peace","24","8","1929","snake","virgo","snake virgo"
"540","female","1979","peace","26","8","1910","dog","virgo","dog virgo"
"549","male","1987","peace","13","9","1941","snake","virgo","snake virgo"
"545","male","1983","peace","29","9","1943","goat","libra","goat libra"
"548","male","1986","peace","30","9","1928","dragon","libra","dragon libra"
"93","male","1971","physics","5","6","1900","rat","gemini","rat gemini"
"38","male","1932","physics","5","12","1901","ox","sagittarius","ox sagittarius"
"47","male","1939","physics","8","8","1901","ox","leo","ox leo"
"87","male","1966","physics","3","5","1902","tiger","taurus","tiger taurus"
"40","male","1933","physics","8","8","1902","tiger","leo","tiger leo"
"67","male","1956","physics","10","2","1902","tiger","aquarious","tiger aquarious"
"55","male","1950","physics","5","12","1903","rabbit","sagittarius","rabbit sagittarius"
"57","male","1951","physics","6","10","1903","rabbit","libra","rabbit libra"
"72","male","1959","physics","1","2","1905","snake","aquarious","snake aquarious"
"43","male","1936","physics","3","9","1905","snake","virgo","snake virgo"
"88","male","1967","physics","2","7","1906","horse","cancer","horse cancer"
"123","male","1983","physics","9","8","1911","pig","leo","pig leo"
"137","male","1989","physics","10","8","1913","ox","leo","ox leo"
"63","male","1955","physics","12","7","1913","ox","cancer","ox cancer"
"75","male","1961","physics","5","2","1915","rabbit","aquarious","rabbit aquarious"
"767","male","2003","physics","4","10","1916","dragon","libra","dragon libra"
"83","male","1964","physics","11","7","1916","dragon","cancer","dragon cancer"
"104","male","1975","physics","9","12","1917","snake","sagittarius","snake sagittarius"
"86","male","1965","physics","11","5","1918","horse","taurus","horse taurus"
"85","male","1965","physics","12","2","1918","horse","aquarious","horse aquarious"
"73","male","1959","physics","10","7","1920","monkey","cancer","monkey cancer"
"118","male","1981","physics","11","3","1920","monkey","pisces","monkey pisces"
"119","male","1981","physics","5","5","1921","rooster","taurus","rooster taurus"
"947","male","2018","physics","2","9","1922","dog","virgo","dog virgo"
"136","male","1989","physics","9","9","1922","dog","virgo","dog virgo"
"728","male","2000","physics","8","11","1923","pig","scorpio","pig scorpio"
"117","male","1980","physics","10","3","1923","pig","pisces","pig pisces"
"142","male","1992","physics","1","8","1924","rat","leo","rat leo"
"142","male","1992","physics","1","8","1924","rat","leo","rat leo"
"101","male","1974","physics","11","5","1924","rat","taurus","rat taurus"
"791","male","2005","physics","1","9","1925","ox","virgo","ox virgo"
"97","male","1973","physics","12","3","1925","ox","pisces","ox pisces"
"103","male","1975","physics","9","7","1926","tiger","cancer","tiger cancer"
"139","male","1990","physics","9","12","1926","tiger","sagittarius","tiger sagittarius"
"140","male","1990","physics","2","11","1929","snake","scorpio","snake scorpio"
"98","male","1973","physics","5","4","1929","snake","aries","snake aries"
"840","male","2009","physics","10","5","1930","horse","taurus","horse taurus"
"755","male","2002","physics","6","10","1931","goat","libra","goat libra"
"974","male","2020","physics","8","8","1931","goat","leo","goat leo"
"133","male","1988","physics","2","11","1932","monkey","scorpio","monkey scorpio"
"113","male","1979","physics","5","12","1932","monkey","sagittarius","monkey sagittarius"
"887","male","2013","physics","6","11","1932","monkey","scorpio","monkey scorpio"
"153","male","1997","physics","1","4","1933","rooster","aries","rooster aries"
"115","male","1979","physics","3","5","1933","rooster","taurus","rooster taurus"
"838","male","2009","physics","4","11","1933","rooster","scorpio","rooster scorpio"
"129","male","1986","physics","6","6","1933","rooster","gemini","rooster gemini"
"121","male","1982","physics","8","6","1936","rat","gemini","rat gemini"
"112","male","1978","physics","10","1","1936","rat","capricorn","rat capricorn"
"814","male","2007","physics","7","3","1938","tiger","pisces","tiger pisces"
"946","male","2017","physics","1","6","1940","dragon","gemini","dragon gemini"
"99","male","1973","physics","4","1","1940","dragon","capricorn","dragon capricorn"
"828","male","2008","physics","7","2","1940","dragon","aquarious","dragon aquarious"
"961","male","2019","physics","12","1","1942","horse","capricorn","horse capricorn"
"827","male","2008","physics","7","4","1944","monkey","aries","monkey aries"
"876","male","2012","physics","11","9","1944","monkey","virgo","monkey virgo"
"150","male","1996","physics","1","8","1945","rooster","leo","rooster leo"
"158","male","1999","physics","5","7","1946","dog","cancer","dog cancer"
"804","male","2006","physics","7","8","1946","dog","leo","dog leo"
"154","male","1997","physics","5","11","1948","rat","scorpio","rat scorpio"
"156","male","1998","physics","6","4","1949","ox","aries","ox aries"
"155","male","1998","physics","1","11","1950","tiger","scorpio","tiger scorpio"
"919","male","2015","physics","9","3","1959","pig","pisces","pig pisces"
"907","male","2014","physics","11","9","1960","rat","virgo","rat virgo"
"62","male","1954","physics","8","1","1891","rabbit","capricorn","rabbit capricorn"
"62","male","1954","physics","8","1","1891","rabbit","capricorn","rabbit capricorn"
"16","male","1911","physics","13","1","1864","rat","capricorn","rat capricorn"
"34","male","1927","physics","14","2","1869","snake","aquarious","snake aquarious"
"25","male","1920","physics","15","2","1861","rooster","aquarious","rooster aquarious"
"48","male","1943","physics","17","2","1888","rat","aquarious","rat aquarious"
"109","male","1977","physics","13","3","1899","pig","pisces","pig pisces"
"26","male","1921","physics","14","3","1879","rabbit","pisces","rabbit pisces"
"28","male","1923","physics","22","3","1868","dragon","aries","dragon aries"
"1","male","1901","physics","27","3","1845","snake","aries","snake aries"
"21","male","1915","physics","31","3","1890","tiger","aries","tiger aries"
"24","male","1919","physics","15","4","1874","dog","aries","dog aries"
"51","male","1946","physics","21","4","1882","horse","taurus","horse taurus"
"23","male","1918","physics","23","4","1858","horse","taurus","horse taurus"
"13","male","1909","physics","25","4","1874","dog","taurus","dog taurus"
"35","male","1928","physics","26","4","1879","rabbit","taurus","rabbit taurus"
"45","male","1937","physics","3","5","1892","dragon","taurus","dragon taurus"
"5","male","1903","physics","15","5","1859","goat","taurus","goat taurus"
"3","male","1902","physics","25","5","1865","ox","gemini","ox gemini"
"56","male","1951","physics","27","5","1897","rooster","gemini","rooster gemini"
"14","male","1909","physics","6","6","1850","dog","gemini","dog gemini"
"9","male","1905","physics","7","6","1862","dog","gemini","dog gemini"
"22","male","1917","physics","7","6","1877","ox","gemini","ox gemini"
"42","male","1936","physics","24","6","1883","goat","cancer","goat cancer"
"20","male","1915","physics","2","7","1862","dog","cancer","dog cancer"
"71","male","1958","physics","8","7","1895","goat","cancer","goat cancer"
"110","male","1978","physics","9","7","1894","horse","cancer","horse cancer"
"60","male","1953","physics","16","7","1888","rat","cancer","rat cancer"
"2","male","1902","physics","18","7","1853","ox","cancer","ox cancer"
"31","male","1925","physics","22","7","1887","pig","cancer","pig cancer"
"49","male","1944","physics","29","7","1898","dog","leo","dog leo"
"39","male","1933","physics","12","8","1887","pig","leo","pig leo"
"36","male","1929","physics","15","8","1892","dragon","leo","dragon leo"
"12","male","1908","physics","16","8","1845","snake","leo","snake leo"
"30","male","1925","physics","26","8","1882","horse","virgo","horse virgo"
"52","male","1947","physics","6","9","1892","dragon","virgo","dragon virgo"
"33","male","1927","physics","10","9","1892","dragon","virgo","dragon virgo"
"18","male","1913","physics","21","9","1853","ox","virgo","ox virgo"
"32","male","1926","physics","30","9","1870","horse","libra","horse libra"
"826","male","2008","physics","18","1","1921","rooster","capricorn","rooster capricorn"
"149","male","1996","physics","20","1","1931","goat","aquarious","goat aquarious"
"77","male","1962","physics","22","1","1908","monkey","aquarious","monkey aquarious"
"54","male","1949","physics","23","1","1907","goat","aquarious","goat aquarious"
"64","male","1955","physics","26","1","1911","pig","aquarious","pig aquarious"
"106","male","1976","physics","27","1","1936","rat","aquarious","rat aquarious"
"945","male","2017","physics","27","1","1936","rat","aquarious","rat aquarious"
"114","male","1979","physics","29","1","1926","tiger","aquarious","tiger aquarious"
"906","male","2014","physics","30","1","1929","snake","aquarious","snake aquarious"
"76","male","1961","physics","31","1","1929","snake","aquarious","snake aquarious"
"27","male","1922","physics","7","10","1885","rooster","libra","rooster libra"
"19","male","1914","physics","9","10","1879","rabbit","libra","rabbit libra"
"753","male","2002","physics","14","10","1914","tiger","libra","tiger libra"
"122","male","1983","physics","19","10","1910","dog","libra","dog libra"
"41","male","1935","physics","20","10","1891","rabbit","libra","rabbit libra"
"739","male","2001","physics","21","10","1957","rooster","libra","rooster libra"
"849","male","2010","physics","21","10","1958","dog","libra","dog libra"
"44","male","1937","physics","22","10","1881","snake","libra","snake libra"
"58","male","1952","physics","23","10","1905","snake","scorpio","snake scorpio"
"721","male","1958","physics","23","10","1908","monkey","scorpio","monkey scorpio"
"141","male","1991","physics","24","10","1932","monkey","scorpio","monkey scorpio"
"793","male","2005","physics","30","10","1941","snake","scorpio","snake scorpio"
"6","female","1903","physics","7","11","1867","rabbit","scorpio","rabbit scorpio"
"37","male","1930","physics","7","11","1888","rat","scorpio","rat scorpio"
"8","male","1904","physics","12","11","1842","tiger","scorpio","tiger scorpio"
"78","male","1963","physics","17","11","1902","tiger","scorpio","tiger scorpio"
"53","male","1948","physics","18","11","1897","rooster","scorpio","rooster scorpio"
"92","male","1970","physics","22","11","1904","dragon","scorpio","dragon scorpio"
"15","male","1910","physics","23","11","1837","rooster","sagittarius","rooster sagittarius"
"125","male","1984","physics","24","11","1925","ox","sagittarius","ox sagittarius"
"69","male","1957","physics","24","11","1926","tiger","sagittarius","tiger sagittarius"
"143","male","1993","physics","28","11","1950","tiger","sagittarius","tiger sagittarius"
"17","male","1912","physics","30","11","1869","snake","sagittarius","snake sagittarius"
"29","male","1924","physics","3","12","1886","dog","sagittarius","dog sagittarius"
"61","male","1954","physics","11","12","1882","horse","sagittarius","horse sagittarius"
"107","male","1977","physics","13","12","1923","pig","sagittarius","pig sagittarius"
"82","male","1964","physics","14","12","1922","dog","sagittarius","dog sagittarius"
"4","male","1903","physics","15","12","1852","rat","sagittarius","rat sagittarius"
"866","male","2011","physics","16","12","1969","rooster","sagittarius","rooster sagittarius"
"10","male","1906","physics","18","12","1856","dragon","sagittarius","dragon sagittarius"
"11","male","1907","physics","19","12","1852","rat","sagittarius","rat sagittarius"
"738","male","2001","physics","19","12","1961","ox","sagittarius","ox sagittarius"
"127","male","1986","physics","25","12","1906","horse","capricorn","horse capricorn"
"65","male","1956","physics","13","2","1910","dog","aquarious","dog aquarious"
"776","male","2004","physics","19","2","1941","snake","pisces","snake pisces"
"805","male","2006","physics","20","2","1945","rooster","pisces","rooster pisces"
"962","male","2019","physics","23","2","1966","horse","pisces","horse pisces"
"877","male","2012","physics","24","2","1944","monkey","pisces","monkey pisces"
"865","male","2011","physics","24","2","1967","goat","pisces","goat pisces"
"95","male","1972","physics","28","2","1930","horse","pisces","horse pisces"
"157","male","1998","physics","28","2","1939","rabbit","pisces","rabbit pisces"
"152","male","1997","physics","28","2","1948","rat","pisces","rat pisces"
"726","male","2000","physics","15","3","1930","horse","pisces","horse pisces"
"148","male","1995","physics","16","3","1918","horse","pisces","horse pisces"
"105","male","1976","physics","22","3","1931","goat","aries","goat aries"
"975","male","2020","physics","24","3","1952","dragon","aries","dragon aries"
"768","male","2003","physics","26","3","1938","tiger","aries","tiger aries"
"740","male","2001","physics","26","3","1951","rabbit","aries","rabbit aries"
"138","male","1990","physics","28","3","1930","horse","aries","horse aries"
"144","male","1993","physics","29","3","1941","snake","aries","snake aries"
"84","male","1965","physics","31","3","1906","horse","aries","horse aries"
"124","male","1984","physics","31","3","1934","dog","aries","dog aries"
"120","male","1981","physics","19","4","1918","horse","aries","horse aries"
"131","male","1987","physics","19","4","1927","rabbit","aries","rabbit aries"
"50","male","1945","physics","25","4","1900","rat","taurus","rat taurus"
"960","male","2019","physics","25","4","1935","pig","taurus","pig taurus"
"111","male","1978","physics","26","4","1933","rooster","taurus","rooster taurus"
"778","male","2004","physics","15","5","1951","rabbit","taurus","rabbit taurus"
"130","male","1987","physics","16","5","1950","tiger","taurus","tiger taurus"
"815","male","2007","physics","18","5","1939","rabbit","taurus","rabbit taurus"
"908","male","2014","physics","22","5","1954","horse","gemini","horse gemini"
"66","male","1956","physics","23","5","1908","monkey","gemini","monkey gemini"
"66","male","1972","physics","23","5","1908","monkey","gemini","monkey gemini"
"134","male","1988","physics","25","5","1921","rooster","gemini","rooster gemini"
"949","female","2018","physics","27","5","1959","pig","gemini","pig gemini"
"888","male","2013","physics","29","5","1929","snake","gemini","snake gemini"
"91","male","1970","physics","30","5","1908","monkey","gemini","monkey gemini"
"96","male","1972","physics","31","5","1931","goat","gemini","goat gemini"
"89","male","1968","physics","13","6","1911","pig","gemini","pig gemini"
"976","female","2020","physics","16","6","1965","snake","gemini","snake gemini"
"102","male","1975","physics","19","6","1922","dog","gemini","dog gemini"
"930","male","2016","physics","22","6","1943","goat","cancer","goat cancer"
"948","male","2018","physics","22","6","1944","monkey","cancer","monkey cancer"
"147","male","1995","physics","24","6","1927","rabbit","cancer","rabbit cancer"
"80","male","1963","physics","25","6","1907","goat","cancer","goat cancer"
"766","male","2003","physics","25","6","1928","dragon","cancer","dragon cancer"
"151","male","1996","physics","26","6","1937","ox","cancer","ox cancer"
"159","male","1999","physics","27","6","1931","goat","cancer","goat cancer"
"79","female","1963","physics","28","6","1906","horse","cancer","horse cancer"
"126","male","1985","physics","28","6","1943","goat","cancer","goat cancer"
"145","male","1994","physics","15","7","1918","horse","cancer","horse cancer"
"132","male","1988","physics","15","7","1922","dog","cancer","dog cancer"
"128","male","1986","physics","20","7","1947","pig","cancer","pig cancer"
"70","male","1958","physics","28","7","1904","dragon","leo","dragon leo"
"81","male","1964","physics","28","7","1915","rabbit","leo","rabbit leo"
"839","male","2009","physics","19","8","1924","rat","leo","rat leo"
"792","male","2005","physics","21","8","1934","dog","leo","dog leo"
"850","male","2010","physics","23","8","1974","tiger","virgo","tiger virgo"
"727","male","2000","physics","25","8","1928","dragon","virgo","dragon virgo"
"135","male","1989","physics","27","8","1915","rabbit","virgo","rabbit virgo"
"920","male","2015","physics","29","8","1943","goat","virgo","goat virgo"
"59","male","1952","physics","30","8","1912","rat","virgo","rat virgo"
"777","male","2004","physics","31","8","1949","ox","virgo","ox virgo"
"929","male","2016","physics","14","9","1951","rabbit","virgo","rabbit virgo"
"90","male","1969","physics","15","9","1929","snake","virgo","snake virgo"
"754","male","2002","physics","19","9","1926","tiger","virgo","tiger virgo"
"74","male","1960","physics","21","9","1926","tiger","virgo","tiger virgo"
"928","male","2016","physics","21","9","1934","dog","virgo","dog virgo"
"68","male","1957","physics","22","9","1922","dog","virgo","dog virgo"
"146","male","1994","physics","23","9","1915","rabbit","libra","rabbit libra"
"100","male","1974","physics","27","9","1918","horse","libra","horse libra"
"46","male","1938","physics","29","9","1901","ox","libra","ox libra"
"116","male","1980","physics","29","9","1931","goat","libra","goat libra"
"944","male","2017","physics","29","9","1932","monkey","libra","monkey libra"
"108","male","1977","physics","30","9","1905","snake","libra","snake libra"
